Distance Range,Percentage
<500m,207.82608695652175
500-1000m,580.0
>1000m,-22999.999999999996
