Distance Range,Percentage
<500m,60.448789571694604
500-1000m,27.29795158286777
more than 1000m,13.065