Distance Range,Percentage
100m,3.072625698324022
100-500m,57.448789571694604
500-1000m,27.29795158286777
more than 1000m,13.065