Distance Range,Percentage
<500m,8.433734939759036
500-1000m,21.084337349397593
>1000m,70.48192771084338
